ID,Latitude,Longitude
0,6.0,68.0
1,6.5,68.0
2,7.0,68.0
3,7.5,68.0
4,8.0,68.0
5,8.5,68.0
6,9.0,68.0
7,9.5,68.0
8,10.0,68.0
9,10.5,68.0
10,11.0,68.0
11,11.5,68.0
12,12.0,68.0
13,12.5,68.0
14,13.0,68.0
15,13.5,68.0
16,14.0,68.0
17,14.5,68.0
18,15.0,68.0
19,15.5,68.0
20,16.0,68.0
21,16.5,68.0
22,17.0,68.0
23,17.5,68.0
24,18.0,68.0
25,18.5,68.0
26,19.0,68.0
27,19.5,68.0
28,20.0,68.0
29,20.5,68.0
30,21.0,68.0
31,21.5,68.0
32,22.0,68.0
33,22.5,68.0
34,23.0,68.0
35,23.5,68.0
36,24.0,68.0
37,24.5,68.0
38,25.0,68.0
39,25.5,68.0
40,26.0,68.0
41,26.5,68.0
42,27.0,68.0
43,27.5,68.0
44,28.0,68.0
45,28.5,68.0
46,29.0,68.0
47,29.5,68.0
48,30.0,68.0
49,30.5,68.0
50,31.0,68.0
51,31.5,68.0
52,32.0,68.0
53,32.5,68.0
54,33.0,68.0
55,33.5,68.0
56,34.0,68.0
57,34.5,68.0
58,35.0,68.0
59,35.5,68.0
60,36.0,68.0
61,36.5,68.0
62,37.0,68.0
63,6.0,68.5
64,6.5,68.5
65,7.0,68.5
66,7.5,68.5
67,8.0,68.5
68,8.5,68.5
69,9.0,68.5
70,9.5,68.5
71,10.0,68.5
72,10.5,68.5
73,11.0,68.5
74,11.5,68.5
75,12.0,68.5
76,12.5,68.5
77,13.0,68.5
78,13.5,68.5
79,14.0,68.5
80,14.5,68.5
81,15.0,68.5
82,15.5,68.5
83,16.0,68.5
84,16.5,68.5
85,17.0,68.5
86,17.5,68.5
87,18.0,68.5
88,18.5,68.5
89,19.0,68.5
90,19.5,68.5
91,20.0,68.5
92,20.5,68.5
93,21.0,68.5
94,21.5,68.5
95,22.0,68.5
96,22.5,68.5
97,23.0,68.5
98,23.5,68.5
99,24.0,68.5
100,24.5,68.5
101,25.0,68.5
102,25.5,68.5
103,26.0,68.5
104,26.5,68.5
105,27.0,68.5
106,27.5,68.5
107,28.0,68.5
108,28.5,68.5
109,29.0,68.5
110,29.5,68.5
111,30.0,68.5
112,30.5,68.5
113,31.0,68.5
114,31.5,68.5
115,32.0,68.5
116,32.5,68.5
117,33.0,68.5
118,33.5,68.5
119,34.0,68.5
120,34.5,68.5
121,35.0,68.5
122,35.5,68.5
123,36.0,68.5
124,36.5,68.5
125,37.0,68.5
126,6.0,69.0
127,6.5,69.0
128,7.0,69.0
129,7.5,69.0
130,8.0,69.0
131,8.5,69.0
132,9.0,69.0
133,9.5,69.0
134,10.0,69.0
135,10.5,69.0
136,11.0,69.0
137,11.5,69.0
138,12.0,69.0
139,12.5,69.0
140,13.0,69.0
141,13.5,69.0
142,14.0,69.0
143,14.5,69.0
144,15.0,69.0
145,15.5,69.0
146,16.0,69.0
147,16.5,69.0
148,17.0,69.0
149,17.5,69.0
150,18.0,69.0
151,18.5,69.0
152,19.0,69.0
153,19.5,69.0
154,20.0,69.0
155,20.5,69.0
156,21.0,69.0
157,21.5,69.0
158,22.0,69.0
159,22.5,69.0
160,23.0,69.0
161,23.5,69.0
162,24.0,69.0
163,24.5,69.0
164,25.0,69.0
165,25.5,69.0
166,26.0,69.0
167,26.5,69.0
168,27.0,69.0
169,27.5,69.0
170,28.0,69.0
171,28.5,69.0
172,29.0,69.0
173,29.5,69.0
174,30.0,69.0
175,30.5,69.0
176,31.0,69.0
177,31.5,69.0
178,32.0,69.0
179,32.5,69.0
180,33.0,69.0
181,33.5,69.0
182,34.0,69.0
183,34.5,69.0
184,35.0,69.0
185,35.5,69.0
186,36.0,69.0
187,36.5,69.0
188,37.0,69.0
189,6.0,69.5
190,6.5,69.5
191,7.0,69.5
192,7.5,69.5
193,8.0,69.5
194,8.5,69.5
195,9.0,69.5
196,9.5,69.5
197,10.0,69.5
198,10.5,69.5
199,11.0,69.5
200,11.5,69.5
201,12.0,69.5
202,12.5,69.5
203,13.0,69.5
204,13.5,69.5
205,14.0,69.5
206,14.5,69.5
207,15.0,69.5
208,15.5,69.5
209,16.0,69.5
210,16.5,69.5
211,17.0,69.5
212,17.5,69.5
213,18.0,69.5
214,18.5,69.5
215,19.0,69.5
216,19.5,69.5
217,20.0,69.5
218,20.5,69.5
219,21.0,69.5
220,21.5,69.5
221,22.0,69.5
222,22.5,69.5
223,23.0,69.5
224,23.5,69.5
225,24.0,69.5
226,24.5,69.5
227,25.0,69.5
228,25.5,69.5
229,26.0,69.5
230,26.5,69.5
231,27.0,69.5
232,27.5,69.5
233,28.0,69.5
234,28.5,69.5
235,29.0,69.5
236,29.5,69.5
237,30.0,69.5
238,30.5,69.5
239,31.0,69.5
240,31.5,69.5
241,32.0,69.5
242,32.5,69.5
243,33.0,69.5
244,33.5,69.5
245,34.0,69.5
246,34.5,69.5
247,35.0,69.5
248,35.5,69.5
249,36.0,69.5
250,36.5,69.5
251,37.0,69.5
252,6.0,70.0
253,6.5,70.0
254,7.0,70.0
255,7.5,70.0
256,8.0,70.0
257,8.5,70.0
258,9.0,70.0
259,9.5,70.0
260,10.0,70.0
261,10.5,70.0
262,11.0,70.0
263,11.5,70.0
264,12.0,70.0
265,12.5,70.0
266,13.0,70.0
267,13.5,70.0
268,14.0,70.0
269,14.5,70.0
270,15.0,70.0
271,15.5,70.0
272,16.0,70.0
273,16.5,70.0
274,17.0,70.0
275,17.5,70.0
276,18.0,70.0
277,18.5,70.0
278,19.0,70.0
279,19.5,70.0
280,20.0,70.0
281,20.5,70.0
282,21.0,70.0
283,21.5,70.0
284,22.0,70.0
285,22.5,70.0
286,23.0,70.0
287,23.5,70.0
288,24.0,70.0
289,24.5,70.0
290,25.0,70.0
291,25.5,70.0
292,26.0,70.0
293,26.5,70.0
294,27.0,70.0
295,27.5,70.0
296,28.0,70.0
297,28.5,70.0
298,29.0,70.0
299,29.5,70.0
300,30.0,70.0
301,30.5,70.0
302,31.0,70.0
303,31.5,70.0
304,32.0,70.0
305,32.5,70.0
306,33.0,70.0
307,33.5,70.0
308,34.0,70.0
309,34.5,70.0
310,35.0,70.0
311,35.5,70.0
312,36.0,70.0
313,36.5,70.0
314,37.0,70.0
315,6.0,70.5
316,6.5,70.5
317,7.0,70.5
318,7.5,70.5
319,8.0,70.5
320,8.5,70.5
321,9.0,70.5
322,9.5,70.5
323,10.0,70.5
324,10.5,70.5
325,11.0,70.5
326,11.5,70.5
327,12.0,70.5
328,12.5,70.5
329,13.0,70.5
330,13.5,70.5
331,14.0,70.5
332,14.5,70.5
333,15.0,70.5
334,15.5,70.5
335,16.0,70.5
336,16.5,70.5
337,17.0,70.5
338,17.5,70.5
339,18.0,70.5
340,18.5,70.5
341,19.0,70.5
342,19.5,70.5
343,20.0,70.5
344,20.5,70.5
345,21.0,70.5
346,21.5,70.5
347,22.0,70.5
348,22.5,70.5
349,23.0,70.5
350,23.5,70.5
351,24.0,70.5
352,24.5,70.5
353,25.0,70.5
354,25.5,70.5
355,26.0,70.5
356,26.5,70.5
357,27.0,70.5
358,27.5,70.5
359,28.0,70.5
360,28.5,70.5
361,29.0,70.5
362,29.5,70.5
363,30.0,70.5
364,30.5,70.5
365,31.0,70.5
366,31.5,70.5
367,32.0,70.5
368,32.5,70.5
369,33.0,70.5
370,33.5,70.5
371,34.0,70.5
372,34.5,70.5
373,35.0,70.5
374,35.5,70.5
375,36.0,70.5
376,36.5,70.5
377,37.0,70.5
378,6.0,71.0
379,6.5,71.0
380,7.0,71.0
381,7.5,71.0
382,8.0,71.0
383,8.5,71.0
384,9.0,71.0
385,9.5,71.0
386,10.0,71.0
387,10.5,71.0
388,11.0,71.0
389,11.5,71.0
390,12.0,71.0
391,12.5,71.0
392,13.0,71.0
393,13.5,71.0
394,14.0,71.0
395,14.5,71.0
396,15.0,71.0
397,15.5,71.0
398,16.0,71.0
399,16.5,71.0
400,17.0,71.0
401,17.5,71.0
402,18.0,71.0
403,18.5,71.0
404,19.0,71.0
405,19.5,71.0
406,20.0,71.0
407,20.5,71.0
408,21.0,71.0
409,21.5,71.0
410,22.0,71.0
411,22.5,71.0
412,23.0,71.0
413,23.5,71.0
414,24.0,71.0
415,24.5,71.0
416,25.0,71.0
417,25.5,71.0
418,26.0,71.0
419,26.5,71.0
420,27.0,71.0
421,27.5,71.0
422,28.0,71.0
423,28.5,71.0
424,29.0,71.0
425,29.5,71.0
426,30.0,71.0
427,30.5,71.0
428,31.0,71.0
429,31.5,71.0
430,32.0,71.0
431,32.5,71.0
432,33.0,71.0
433,33.5,71.0
434,34.0,71.0
435,34.5,71.0
436,35.0,71.0
437,35.5,71.0
438,36.0,71.0
439,36.5,71.0
440,37.0,71.0
441,6.0,71.5
442,6.5,71.5
443,7.0,71.5
444,7.5,71.5
445,8.0,71.5
446,8.5,71.5
447,9.0,71.5
448,9.5,71.5
449,10.0,71.5
450,10.5,71.5
451,11.0,71.5
452,11.5,71.5
453,12.0,71.5
454,12.5,71.5
455,13.0,71.5
456,13.5,71.5
457,14.0,71.5
458,14.5,71.5
459,15.0,71.5
460,15.5,71.5
461,16.0,71.5
462,16.5,71.5
463,17.0,71.5
464,17.5,71.5
465,18.0,71.5
466,18.5,71.5
467,19.0,71.5
468,19.5,71.5
469,20.0,71.5
470,20.5,71.5
471,21.0,71.5
472,21.5,71.5
473,22.0,71.5
474,22.5,71.5
475,23.0,71.5
476,23.5,71.5
477,24.0,71.5
478,24.5,71.5
479,25.0,71.5
480,25.5,71.5
481,26.0,71.5
482,26.5,71.5
483,27.0,71.5
484,27.5,71.5
485,28.0,71.5
486,28.5,71.5
487,29.0,71.5
488,29.5,71.5
489,30.0,71.5
490,30.5,71.5
491,31.0,71.5
492,31.5,71.5
493,32.0,71.5
494,32.5,71.5
495,33.0,71.5
496,33.5,71.5
497,34.0,71.5
498,34.5,71.5
499,35.0,71.5
500,35.5,71.5
501,36.0,71.5
502,36.5,71.5
503,37.0,71.5
504,6.0,72.0
505,6.5,72.0
506,7.0,72.0
507,7.5,72.0
508,8.0,72.0
509,8.5,72.0
510,9.0,72.0
511,9.5,72.0
512,10.0,72.0
513,10.5,72.0
514,11.0,72.0
515,11.5,72.0
516,12.0,72.0
517,12.5,72.0
518,13.0,72.0
519,13.5,72.0
520,14.0,72.0
521,14.5,72.0
522,15.0,72.0
523,15.5,72.0
524,16.0,72.0
525,16.5,72.0
526,17.0,72.0
527,17.5,72.0
528,18.0,72.0
529,18.5,72.0
530,19.0,72.0
531,19.5,72.0
532,20.0,72.0
533,20.5,72.0
534,21.0,72.0
535,21.5,72.0
536,22.0,72.0
537,22.5,72.0
538,23.0,72.0
539,23.5,72.0
540,24.0,72.0
541,24.5,72.0
542,25.0,72.0
543,25.5,72.0
544,26.0,72.0
545,26.5,72.0
546,27.0,72.0
547,27.5,72.0
548,28.0,72.0
549,28.5,72.0
550,29.0,72.0
551,29.5,72.0
552,30.0,72.0
553,30.5,72.0
554,31.0,72.0
555,31.5,72.0
556,32.0,72.0
557,32.5,72.0
558,33.0,72.0
559,33.5,72.0
560,34.0,72.0
561,34.5,72.0
562,35.0,72.0
563,35.5,72.0
564,36.0,72.0
565,36.5,72.0
566,37.0,72.0
567,6.0,72.5
568,6.5,72.5
569,7.0,72.5
570,7.5,72.5
571,8.0,72.5
572,8.5,72.5
573,9.0,72.5
574,9.5,72.5
575,10.0,72.5
576,10.5,72.5
577,11.0,72.5
578,11.5,72.5
579,12.0,72.5
580,12.5,72.5
581,13.0,72.5
582,13.5,72.5
583,14.0,72.5
584,14.5,72.5
585,15.0,72.5
586,15.5,72.5
587,16.0,72.5
588,16.5,72.5
589,17.0,72.5
590,17.5,72.5
591,18.0,72.5
592,18.5,72.5
593,19.0,72.5
594,19.5,72.5
595,20.0,72.5
596,20.5,72.5
597,21.0,72.5
598,21.5,72.5
599,22.0,72.5
600,22.5,72.5
601,23.0,72.5
602,23.5,72.5
603,24.0,72.5
604,24.5,72.5
605,25.0,72.5
606,25.5,72.5
607,26.0,72.5
608,26.5,72.5
609,27.0,72.5
610,27.5,72.5
611,28.0,72.5
612,28.5,72.5
613,29.0,72.5
614,29.5,72.5
615,30.0,72.5
616,30.5,72.5
617,31.0,72.5
618,31.5,72.5
619,32.0,72.5
620,32.5,72.5
621,33.0,72.5
622,33.5,72.5
623,34.0,72.5
624,34.5,72.5
625,35.0,72.5
626,35.5,72.5
627,36.0,72.5
628,36.5,72.5
629,37.0,72.5
630,6.0,73.0
631,6.5,73.0
632,7.0,73.0
633,7.5,73.0
634,8.0,73.0
635,8.5,73.0
636,9.0,73.0
637,9.5,73.0
638,10.0,73.0
639,10.5,73.0
640,11.0,73.0
641,11.5,73.0
642,12.0,73.0
643,12.5,73.0
644,13.0,73.0
645,13.5,73.0
646,14.0,73.0
647,14.5,73.0
648,15.0,73.0
649,15.5,73.0
650,16.0,73.0
651,16.5,73.0
652,17.0,73.0
653,17.5,73.0
654,18.0,73.0
655,18.5,73.0
656,19.0,73.0
657,19.5,73.0
658,20.0,73.0
659,20.5,73.0
660,21.0,73.0
661,21.5,73.0
662,22.0,73.0
663,22.5,73.0
664,23.0,73.0
665,23.5,73.0
666,24.0,73.0
667,24.5,73.0
668,25.0,73.0
669,25.5,73.0
670,26.0,73.0
671,26.5,73.0
672,27.0,73.0
673,27.5,73.0
674,28.0,73.0
675,28.5,73.0
676,29.0,73.0
677,29.5,73.0
678,30.0,73.0
679,30.5,73.0
680,31.0,73.0
681,31.5,73.0
682,32.0,73.0
683,32.5,73.0
684,33.0,73.0
685,33.5,73.0
686,34.0,73.0
687,34.5,73.0
688,35.0,73.0
689,35.5,73.0
690,36.0,73.0
691,36.5,73.0
692,37.0,73.0
693,6.0,73.5
694,6.5,73.5
695,7.0,73.5
696,7.5,73.5
697,8.0,73.5
698,8.5,73.5
699,9.0,73.5
700,9.5,73.5
701,10.0,73.5
702,10.5,73.5
703,11.0,73.5
704,11.5,73.5
705,12.0,73.5
706,12.5,73.5
707,13.0,73.5
708,13.5,73.5
709,14.0,73.5
710,14.5,73.5
711,15.0,73.5
712,15.5,73.5
713,16.0,73.5
714,16.5,73.5
715,17.0,73.5
716,17.5,73.5
717,18.0,73.5
718,18.5,73.5
719,19.0,73.5
720,19.5,73.5
721,20.0,73.5
722,20.5,73.5
723,21.0,73.5
724,21.5,73.5
725,22.0,73.5
726,22.5,73.5
727,23.0,73.5
728,23.5,73.5
729,24.0,73.5
730,24.5,73.5
731,25.0,73.5
732,25.5,73.5
733,26.0,73.5
734,26.5,73.5
735,27.0,73.5
736,27.5,73.5
737,28.0,73.5
738,28.5,73.5
739,29.0,73.5
740,29.5,73.5
741,30.0,73.5
742,30.5,73.5
743,31.0,73.5
744,31.5,73.5
745,32.0,73.5
746,32.5,73.5
747,33.0,73.5
748,33.5,73.5
749,34.0,73.5
750,34.5,73.5
751,35.0,73.5
752,35.5,73.5
753,36.0,73.5
754,36.5,73.5
755,37.0,73.5
756,6.0,74.0
757,6.5,74.0
758,7.0,74.0
759,7.5,74.0
760,8.0,74.0
761,8.5,74.0
762,9.0,74.0
763,9.5,74.0
764,10.0,74.0
765,10.5,74.0
766,11.0,74.0
767,11.5,74.0
768,12.0,74.0
769,12.5,74.0
770,13.0,74.0
771,13.5,74.0
772,14.0,74.0
773,14.5,74.0
774,15.0,74.0
775,15.5,74.0
776,16.0,74.0
777,16.5,74.0
778,17.0,74.0
779,17.5,74.0
780,18.0,74.0
781,18.5,74.0
782,19.0,74.0
783,19.5,74.0
784,20.0,74.0
785,20.5,74.0
786,21.0,74.0
787,21.5,74.0
788,22.0,74.0
789,22.5,74.0
790,23.0,74.0
791,23.5,74.0
792,24.0,74.0
793,24.5,74.0
794,25.0,74.0
795,25.5,74.0
796,26.0,74.0
797,26.5,74.0
798,27.0,74.0
799,27.5,74.0
800,28.0,74.0
801,28.5,74.0
802,29.0,74.0
803,29.5,74.0
804,30.0,74.0
805,30.5,74.0
806,31.0,74.0
807,31.5,74.0
808,32.0,74.0
809,32.5,74.0
810,33.0,74.0
811,33.5,74.0
812,34.0,74.0
813,34.5,74.0
814,35.0,74.0
815,35.5,74.0
816,36.0,74.0
817,36.5,74.0
818,37.0,74.0
819,6.0,74.5
820,6.5,74.5
821,7.0,74.5
822,7.5,74.5
823,8.0,74.5
824,8.5,74.5
825,9.0,74.5
826,9.5,74.5
827,10.0,74.5
828,10.5,74.5
829,11.0,74.5
830,11.5,74.5
831,12.0,74.5
832,12.5,74.5
833,13.0,74.5
834,13.5,74.5
835,14.0,74.5
836,14.5,74.5
837,15.0,74.5
838,15.5,74.5
839,16.0,74.5
840,16.5,74.5
841,17.0,74.5
842,17.5,74.5
843,18.0,74.5
844,18.5,74.5
845,19.0,74.5
846,19.5,74.5
847,20.0,74.5
848,20.5,74.5
849,21.0,74.5
850,21.5,74.5
851,22.0,74.5
852,22.5,74.5
853,23.0,74.5
854,23.5,74.5
855,24.0,74.5
856,24.5,74.5
857,25.0,74.5
858,25.5,74.5
859,26.0,74.5
860,26.5,74.5
861,27.0,74.5
862,27.5,74.5
863,28.0,74.5
864,28.5,74.5
865,29.0,74.5
866,29.5,74.5
867,30.0,74.5
868,30.5,74.5
869,31.0,74.5
870,31.5,74.5
871,32.0,74.5
872,32.5,74.5
873,33.0,74.5
874,33.5,74.5
875,34.0,74.5
876,34.5,74.5
877,35.0,74.5
878,35.5,74.5
879,36.0,74.5
880,36.5,74.5
881,37.0,74.5
882,6.0,75.0
883,6.5,75.0
884,7.0,75.0
885,7.5,75.0
886,8.0,75.0
887,8.5,75.0
888,9.0,75.0
889,9.5,75.0
890,10.0,75.0
891,10.5,75.0
892,11.0,75.0
893,11.5,75.0
894,12.0,75.0
895,12.5,75.0
896,13.0,75.0
897,13.5,75.0
898,14.0,75.0
899,14.5,75.0
900,15.0,75.0
901,15.5,75.0
902,16.0,75.0
903,16.5,75.0
904,17.0,75.0
905,17.5,75.0
906,18.0,75.0
907,18.5,75.0
908,19.0,75.0
909,19.5,75.0
910,20.0,75.0
911,20.5,75.0
912,21.0,75.0
913,21.5,75.0
914,22.0,75.0
915,22.5,75.0
916,23.0,75.0
917,23.5,75.0
918,24.0,75.0
919,24.5,75.0
920,25.0,75.0
921,25.5,75.0
922,26.0,75.0
923,26.5,75.0
924,27.0,75.0
925,27.5,75.0
926,28.0,75.0
927,28.5,75.0
928,29.0,75.0
929,29.5,75.0
930,30.0,75.0
931,30.5,75.0
932,31.0,75.0
933,31.5,75.0
934,32.0,75.0
935,32.5,75.0
936,33.0,75.0
937,33.5,75.0
938,34.0,75.0
939,34.5,75.0
940,35.0,75.0
941,35.5,75.0
942,36.0,75.0
943,36.5,75.0
944,37.0,75.0
945,6.0,75.5
946,6.5,75.5
947,7.0,75.5
948,7.5,75.5
949,8.0,75.5
950,8.5,75.5
951,9.0,75.5
952,9.5,75.5
953,10.0,75.5
954,10.5,75.5
955,11.0,75.5
956,11.5,75.5
957,12.0,75.5
958,12.5,75.5
959,13.0,75.5
960,13.5,75.5
961,14.0,75.5
962,14.5,75.5
963,15.0,75.5
964,15.5,75.5
965,16.0,75.5
966,16.5,75.5
967,17.0,75.5
968,17.5,75.5
969,18.0,75.5
970,18.5,75.5
971,19.0,75.5
972,19.5,75.5
973,20.0,75.5
974,20.5,75.5
975,21.0,75.5
976,21.5,75.5
977,22.0,75.5
978,22.5,75.5
979,23.0,75.5
980,23.5,75.5
981,24.0,75.5
982,24.5,75.5
983,25.0,75.5
984,25.5,75.5
985,26.0,75.5
986,26.5,75.5
987,27.0,75.5
988,27.5,75.5
989,28.0,75.5
990,28.5,75.5
991,29.0,75.5
992,29.5,75.5
993,30.0,75.5
994,30.5,75.5
995,31.0,75.5
996,31.5,75.5
997,32.0,75.5
998,32.5,75.5
999,33.0,75.5
1000,33.5,75.5
1001,34.0,75.5
1002,34.5,75.5
1003,35.0,75.5
1004,35.5,75.5
1005,36.0,75.5
1006,36.5,75.5
1007,37.0,75.5
1008,6.0,76.0
1009,6.5,76.0
1010,7.0,76.0
1011,7.5,76.0
1012,8.0,76.0
1013,8.5,76.0
1014,9.0,76.0
1015,9.5,76.0
1016,10.0,76.0
1017,10.5,76.0
1018,11.0,76.0
1019,11.5,76.0
1020,12.0,76.0
1021,12.5,76.0
1022,13.0,76.0
1023,13.5,76.0
1024,14.0,76.0
1025,14.5,76.0
1026,15.0,76.0
1027,15.5,76.0
1028,16.0,76.0
1029,16.5,76.0
1030,17.0,76.0
1031,17.5,76.0
1032,18.0,76.0
1033,18.5,76.0
1034,19.0,76.0
1035,19.5,76.0
1036,20.0,76.0
1037,20.5,76.0
1038,21.0,76.0
1039,21.5,76.0
1040,22.0,76.0
1041,22.5,76.0
1042,23.0,76.0
1043,23.5,76.0
1044,24.0,76.0
1045,24.5,76.0
1046,25.0,76.0
1047,25.5,76.0
1048,26.0,76.0
1049,26.5,76.0
1050,27.0,76.0
1051,27.5,76.0
1052,28.0,76.0
1053,28.5,76.0
1054,29.0,76.0
1055,29.5,76.0
1056,30.0,76.0
1057,30.5,76.0
1058,31.0,76.0
1059,31.5,76.0
1060,32.0,76.0
1061,32.5,76.0
1062,33.0,76.0
1063,33.5,76.0
1064,34.0,76.0
1065,34.5,76.0
1066,35.0,76.0
1067,35.5,76.0
1068,36.0,76.0
1069,36.5,76.0
1070,37.0,76.0
1071,6.0,76.5
1072,6.5,76.5
1073,7.0,76.5
1074,7.5,76.5
1075,8.0,76.5
1076,8.5,76.5
1077,9.0,76.5
1078,9.5,76.5
1079,10.0,76.5
1080,10.5,76.5
1081,11.0,76.5
1082,11.5,76.5
1083,12.0,76.5
1084,12.5,76.5
1085,13.0,76.5
1086,13.5,76.5
1087,14.0,76.5
1088,14.5,76.5
1089,15.0,76.5
1090,15.5,76.5
1091,16.0,76.5
1092,16.5,76.5
1093,17.0,76.5
1094,17.5,76.5
1095,18.0,76.5
1096,18.5,76.5
1097,19.0,76.5
1098,19.5,76.5
1099,20.0,76.5
1100,20.5,76.5
1101,21.0,76.5
1102,21.5,76.5
1103,22.0,76.5
1104,22.5,76.5
1105,23.0,76.5
1106,23.5,76.5
1107,24.0,76.5
1108,24.5,76.5
1109,25.0,76.5
1110,25.5,76.5
1111,26.0,76.5
1112,26.5,76.5
1113,27.0,76.5
1114,27.5,76.5
1115,28.0,76.5
1116,28.5,76.5
1117,29.0,76.5
1118,29.5,76.5
1119,30.0,76.5
1120,30.5,76.5
1121,31.0,76.5
1122,31.5,76.5
1123,32.0,76.5
1124,32.5,76.5
1125,33.0,76.5
1126,33.5,76.5
1127,34.0,76.5
1128,34.5,76.5
1129,35.0,76.5
1130,35.5,76.5
1131,36.0,76.5
1132,36.5,76.5
1133,37.0,76.5
1134,6.0,77.0
1135,6.5,77.0
1136,7.0,77.0
1137,7.5,77.0
1138,8.0,77.0
1139,8.5,77.0
1140,9.0,77.0
1141,9.5,77.0
1142,10.0,77.0
1143,10.5,77.0
1144,11.0,77.0
1145,11.5,77.0
1146,12.0,77.0
1147,12.5,77.0
1148,13.0,77.0
1149,13.5,77.0
1150,14.0,77.0
1151,14.5,77.0
1152,15.0,77.0
1153,15.5,77.0
1154,16.0,77.0
1155,16.5,77.0
1156,17.0,77.0
1157,17.5,77.0
1158,18.0,77.0
1159,18.5,77.0
1160,19.0,77.0
1161,19.5,77.0
1162,20.0,77.0
1163,20.5,77.0
1164,21.0,77.0
1165,21.5,77.0
1166,22.0,77.0
1167,22.5,77.0
1168,23.0,77.0
1169,23.5,77.0
1170,24.0,77.0
1171,24.5,77.0
1172,25.0,77.0
1173,25.5,77.0
1174,26.0,77.0
1175,26.5,77.0
1176,27.0,77.0
1177,27.5,77.0
1178,28.0,77.0
1179,28.5,77.0
1180,29.0,77.0
1181,29.5,77.0
1182,30.0,77.0
1183,30.5,77.0
1184,31.0,77.0
1185,31.5,77.0
1186,32.0,77.0
1187,32.5,77.0
1188,33.0,77.0
1189,33.5,77.0
1190,34.0,77.0
1191,34.5,77.0
1192,35.0,77.0
1193,35.5,77.0
1194,36.0,77.0
1195,36.5,77.0
1196,37.0,77.0
1197,6.0,77.5
1198,6.5,77.5
1199,7.0,77.5
1200,7.5,77.5
1201,8.0,77.5
1202,8.5,77.5
1203,9.0,77.5
1204,9.5,77.5
1205,10.0,77.5
1206,10.5,77.5
1207,11.0,77.5
1208,11.5,77.5
1209,12.0,77.5
1210,12.5,77.5
1211,13.0,77.5
1212,13.5,77.5
1213,14.0,77.5
1214,14.5,77.5
1215,15.0,77.5
1216,15.5,77.5
1217,16.0,77.5
1218,16.5,77.5
1219,17.0,77.5
1220,17.5,77.5
1221,18.0,77.5
1222,18.5,77.5
1223,19.0,77.5
1224,19.5,77.5
1225,20.0,77.5
1226,20.5,77.5
1227,21.0,77.5
1228,21.5,77.5
1229,22.0,77.5
1230,22.5,77.5
1231,23.0,77.5
1232,23.5,77.5
1233,24.0,77.5
1234,24.5,77.5
1235,25.0,77.5
1236,25.5,77.5
1237,26.0,77.5
1238,26.5,77.5
1239,27.0,77.5
1240,27.5,77.5
1241,28.0,77.5
1242,28.5,77.5
1243,29.0,77.5
1244,29.5,77.5
1245,30.0,77.5
1246,30.5,77.5
1247,31.0,77.5
1248,31.5,77.5
1249,32.0,77.5
1250,32.5,77.5
1251,33.0,77.5
1252,33.5,77.5
1253,34.0,77.5
1254,34.5,77.5
1255,35.0,77.5
1256,35.5,77.5
1257,36.0,77.5
1258,36.5,77.5
1259,37.0,77.5
1260,6.0,78.0
1261,6.5,78.0
1262,7.0,78.0
1263,7.5,78.0
1264,8.0,78.0
1265,8.5,78.0
1266,9.0,78.0
1267,9.5,78.0
1268,10.0,78.0
1269,10.5,78.0
1270,11.0,78.0
1271,11.5,78.0
1272,12.0,78.0
1273,12.5,78.0
1274,13.0,78.0
1275,13.5,78.0
1276,14.0,78.0
1277,14.5,78.0
1278,15.0,78.0
1279,15.5,78.0
1280,16.0,78.0
1281,16.5,78.0
1282,17.0,78.0
1283,17.5,78.0
1284,18.0,78.0
1285,18.5,78.0
1286,19.0,78.0
1287,19.5,78.0
1288,20.0,78.0
1289,20.5,78.0
1290,21.0,78.0
1291,21.5,78.0
1292,22.0,78.0
1293,22.5,78.0
1294,23.0,78.0
1295,23.5,78.0
1296,24.0,78.0
1297,24.5,78.0
1298,25.0,78.0
1299,25.5,78.0
1300,26.0,78.0
1301,26.5,78.0
1302,27.0,78.0
1303,27.5,78.0
1304,28.0,78.0
1305,28.5,78.0
1306,29.0,78.0
1307,29.5,78.0
1308,30.0,78.0
1309,30.5,78.0
1310,31.0,78.0
1311,31.5,78.0
1312,32.0,78.0
1313,32.5,78.0
1314,33.0,78.0
1315,33.5,78.0
1316,34.0,78.0
1317,34.5,78.0
1318,35.0,78.0
1319,35.5,78.0
1320,36.0,78.0
1321,36.5,78.0
1322,37.0,78.0
1323,6.0,78.5
1324,6.5,78.5
1325,7.0,78.5
1326,7.5,78.5
1327,8.0,78.5
1328,8.5,78.5
1329,9.0,78.5
1330,9.5,78.5
1331,10.0,78.5
1332,10.5,78.5
1333,11.0,78.5
1334,11.5,78.5
1335,12.0,78.5
1336,12.5,78.5
1337,13.0,78.5
1338,13.5,78.5
1339,14.0,78.5
1340,14.5,78.5
1341,15.0,78.5
1342,15.5,78.5
1343,16.0,78.5
1344,16.5,78.5
1345,17.0,78.5
1346,17.5,78.5
1347,18.0,78.5
1348,18.5,78.5
1349,19.0,78.5
1350,19.5,78.5
1351,20.0,78.5
1352,20.5,78.5
1353,21.0,78.5
1354,21.5,78.5
1355,22.0,78.5
1356,22.5,78.5
1357,23.0,78.5
1358,23.5,78.5
1359,24.0,78.5
1360,24.5,78.5
1361,25.0,78.5
1362,25.5,78.5
1363,26.0,78.5
1364,26.5,78.5
1365,27.0,78.5
1366,27.5,78.5
1367,28.0,78.5
1368,28.5,78.5
1369,29.0,78.5
1370,29.5,78.5
1371,30.0,78.5
1372,30.5,78.5
1373,31.0,78.5
1374,31.5,78.5
1375,32.0,78.5
1376,32.5,78.5
1377,33.0,78.5
1378,33.5,78.5
1379,34.0,78.5
1380,34.5,78.5
1381,35.0,78.5
1382,35.5,78.5
1383,36.0,78.5
1384,36.5,78.5
1385,37.0,78.5
1386,6.0,79.0
1387,6.5,79.0
1388,7.0,79.0
1389,7.5,79.0
1390,8.0,79.0
1391,8.5,79.0
1392,9.0,79.0
1393,9.5,79.0
1394,10.0,79.0
1395,10.5,79.0
1396,11.0,79.0
1397,11.5,79.0
1398,12.0,79.0
1399,12.5,79.0
1400,13.0,79.0
1401,13.5,79.0
1402,14.0,79.0
1403,14.5,79.0
1404,15.0,79.0
1405,15.5,79.0
1406,16.0,79.0
1407,16.5,79.0
1408,17.0,79.0
1409,17.5,79.0
1410,18.0,79.0
1411,18.5,79.0
1412,19.0,79.0
1413,19.5,79.0
1414,20.0,79.0
1415,20.5,79.0
1416,21.0,79.0
1417,21.5,79.0
1418,22.0,79.0
1419,22.5,79.0
1420,23.0,79.0
1421,23.5,79.0
1422,24.0,79.0
1423,24.5,79.0
1424,25.0,79.0
1425,25.5,79.0
1426,26.0,79.0
1427,26.5,79.0
1428,27.0,79.0
1429,27.5,79.0
1430,28.0,79.0
1431,28.5,79.0
1432,29.0,79.0
1433,29.5,79.0
1434,30.0,79.0
1435,30.5,79.0
1436,31.0,79.0
1437,31.5,79.0
1438,32.0,79.0
1439,32.5,79.0
1440,33.0,79.0
1441,33.5,79.0
1442,34.0,79.0
1443,34.5,79.0
1444,35.0,79.0
1445,35.5,79.0
1446,36.0,79.0
1447,36.5,79.0
1448,37.0,79.0
1449,6.0,79.5
1450,6.5,79.5
1451,7.0,79.5
1452,7.5,79.5
1453,8.0,79.5
1454,8.5,79.5
1455,9.0,79.5
1456,9.5,79.5
1457,10.0,79.5
1458,10.5,79.5
1459,11.0,79.5
1460,11.5,79.5
1461,12.0,79.5
1462,12.5,79.5
1463,13.0,79.5
1464,13.5,79.5
1465,14.0,79.5
1466,14.5,79.5
1467,15.0,79.5
1468,15.5,79.5
1469,16.0,79.5
1470,16.5,79.5
1471,17.0,79.5
1472,17.5,79.5
1473,18.0,79.5
1474,18.5,79.5
1475,19.0,79.5
1476,19.5,79.5
1477,20.0,79.5
1478,20.5,79.5
1479,21.0,79.5
1480,21.5,79.5
1481,22.0,79.5
1482,22.5,79.5
1483,23.0,79.5
1484,23.5,79.5
1485,24.0,79.5
1486,24.5,79.5
1487,25.0,79.5
1488,25.5,79.5
1489,26.0,79.5
1490,26.5,79.5
1491,27.0,79.5
1492,27.5,79.5
1493,28.0,79.5
1494,28.5,79.5
1495,29.0,79.5
1496,29.5,79.5
1497,30.0,79.5
1498,30.5,79.5
1499,31.0,79.5
1500,31.5,79.5
1501,32.0,79.5
1502,32.5,79.5
1503,33.0,79.5
1504,33.5,79.5
1505,34.0,79.5
1506,34.5,79.5
1507,35.0,79.5
1508,35.5,79.5
1509,36.0,79.5
1510,36.5,79.5
1511,37.0,79.5
1512,6.0,80.0
1513,6.5,80.0
1514,7.0,80.0
1515,7.5,80.0
1516,8.0,80.0
1517,8.5,80.0
1518,9.0,80.0
1519,9.5,80.0
1520,10.0,80.0
1521,10.5,80.0
1522,11.0,80.0
1523,11.5,80.0
1524,12.0,80.0
1525,12.5,80.0
1526,13.0,80.0
1527,13.5,80.0
1528,14.0,80.0
1529,14.5,80.0
1530,15.0,80.0
1531,15.5,80.0
1532,16.0,80.0
1533,16.5,80.0
1534,17.0,80.0
1535,17.5,80.0
1536,18.0,80.0
1537,18.5,80.0
1538,19.0,80.0
1539,19.5,80.0
1540,20.0,80.0
1541,20.5,80.0
1542,21.0,80.0
1543,21.5,80.0
1544,22.0,80.0
1545,22.5,80.0
1546,23.0,80.0
1547,23.5,80.0
1548,24.0,80.0
1549,24.5,80.0
1550,25.0,80.0
1551,25.5,80.0
1552,26.0,80.0
1553,26.5,80.0
1554,27.0,80.0
1555,27.5,80.0
1556,28.0,80.0
1557,28.5,80.0
1558,29.0,80.0
1559,29.5,80.0
1560,30.0,80.0
1561,30.5,80.0
1562,31.0,80.0
1563,31.5,80.0
1564,32.0,80.0
1565,32.5,80.0
1566,33.0,80.0
1567,33.5,80.0
1568,34.0,80.0
1569,34.5,80.0
1570,35.0,80.0
1571,35.5,80.0
1572,36.0,80.0
1573,36.5,80.0
1574,37.0,80.0
1575,6.0,80.5
1576,6.5,80.5
1577,7.0,80.5
1578,7.5,80.5
1579,8.0,80.5
1580,8.5,80.5
1581,9.0,80.5
1582,9.5,80.5
1583,10.0,80.5
1584,10.5,80.5
1585,11.0,80.5
1586,11.5,80.5
1587,12.0,80.5
1588,12.5,80.5
1589,13.0,80.5
1590,13.5,80.5
1591,14.0,80.5
1592,14.5,80.5
1593,15.0,80.5
1594,15.5,80.5
1595,16.0,80.5
1596,16.5,80.5
1597,17.0,80.5
1598,17.5,80.5
1599,18.0,80.5
1600,18.5,80.5
1601,19.0,80.5
1602,19.5,80.5
1603,20.0,80.5
1604,20.5,80.5
1605,21.0,80.5
1606,21.5,80.5
1607,22.0,80.5
1608,22.5,80.5
1609,23.0,80.5
1610,23.5,80.5
1611,24.0,80.5
1612,24.5,80.5
1613,25.0,80.5
1614,25.5,80.5
1615,26.0,80.5
1616,26.5,80.5
1617,27.0,80.5
1618,27.5,80.5
1619,28.0,80.5
1620,28.5,80.5
1621,29.0,80.5
1622,29.5,80.5
1623,30.0,80.5
1624,30.5,80.5
1625,31.0,80.5
1626,31.5,80.5
1627,32.0,80.5
1628,32.5,80.5
1629,33.0,80.5
1630,33.5,80.5
1631,34.0,80.5
1632,34.5,80.5
1633,35.0,80.5
1634,35.5,80.5
1635,36.0,80.5
1636,36.5,80.5
1637,37.0,80.5
1638,6.0,81.0
1639,6.5,81.0
1640,7.0,81.0
1641,7.5,81.0
1642,8.0,81.0
1643,8.5,81.0
1644,9.0,81.0
1645,9.5,81.0
1646,10.0,81.0
1647,10.5,81.0
1648,11.0,81.0
1649,11.5,81.0
1650,12.0,81.0
1651,12.5,81.0
1652,13.0,81.0
1653,13.5,81.0
1654,14.0,81.0
1655,14.5,81.0
1656,15.0,81.0
1657,15.5,81.0
1658,16.0,81.0
1659,16.5,81.0
1660,17.0,81.0
1661,17.5,81.0
1662,18.0,81.0
1663,18.5,81.0
1664,19.0,81.0
1665,19.5,81.0
1666,20.0,81.0
1667,20.5,81.0
1668,21.0,81.0
1669,21.5,81.0
1670,22.0,81.0
1671,22.5,81.0
1672,23.0,81.0
1673,23.5,81.0
1674,24.0,81.0
1675,24.5,81.0
1676,25.0,81.0
1677,25.5,81.0
1678,26.0,81.0
1679,26.5,81.0
1680,27.0,81.0
1681,27.5,81.0
1682,28.0,81.0
1683,28.5,81.0
1684,29.0,81.0
1685,29.5,81.0
1686,30.0,81.0
1687,30.5,81.0
1688,31.0,81.0
1689,31.5,81.0
1690,32.0,81.0
1691,32.5,81.0
1692,33.0,81.0
1693,33.5,81.0
1694,34.0,81.0
1695,34.5,81.0
1696,35.0,81.0
1697,35.5,81.0
1698,36.0,81.0
1699,36.5,81.0
1700,37.0,81.0
1701,6.0,81.5
1702,6.5,81.5
1703,7.0,81.5
1704,7.5,81.5
1705,8.0,81.5
1706,8.5,81.5
1707,9.0,81.5
1708,9.5,81.5
1709,10.0,81.5
1710,10.5,81.5
1711,11.0,81.5
1712,11.5,81.5
1713,12.0,81.5
1714,12.5,81.5
1715,13.0,81.5
1716,13.5,81.5
1717,14.0,81.5
1718,14.5,81.5
1719,15.0,81.5
1720,15.5,81.5
1721,16.0,81.5
1722,16.5,81.5
1723,17.0,81.5
1724,17.5,81.5
1725,18.0,81.5
1726,18.5,81.5
1727,19.0,81.5
1728,19.5,81.5
1729,20.0,81.5
1730,20.5,81.5
1731,21.0,81.5
1732,21.5,81.5
1733,22.0,81.5
1734,22.5,81.5
1735,23.0,81.5
1736,23.5,81.5
1737,24.0,81.5
1738,24.5,81.5
1739,25.0,81.5
1740,25.5,81.5
1741,26.0,81.5
1742,26.5,81.5
1743,27.0,81.5
1744,27.5,81.5
1745,28.0,81.5
1746,28.5,81.5
1747,29.0,81.5
1748,29.5,81.5
1749,30.0,81.5
1750,30.5,81.5
1751,31.0,81.5
1752,31.5,81.5
1753,32.0,81.5
1754,32.5,81.5
1755,33.0,81.5
1756,33.5,81.5
1757,34.0,81.5
1758,34.5,81.5
1759,35.0,81.5
1760,35.5,81.5
1761,36.0,81.5
1762,36.5,81.5
1763,37.0,81.5
1764,6.0,82.0
1765,6.5,82.0
1766,7.0,82.0
1767,7.5,82.0
1768,8.0,82.0
1769,8.5,82.0
1770,9.0,82.0
1771,9.5,82.0
1772,10.0,82.0
1773,10.5,82.0
1774,11.0,82.0
1775,11.5,82.0
1776,12.0,82.0
1777,12.5,82.0
1778,13.0,82.0
1779,13.5,82.0
1780,14.0,82.0
1781,14.5,82.0
1782,15.0,82.0
1783,15.5,82.0
1784,16.0,82.0
1785,16.5,82.0
1786,17.0,82.0
1787,17.5,82.0
1788,18.0,82.0
1789,18.5,82.0
1790,19.0,82.0
1791,19.5,82.0
1792,20.0,82.0
1793,20.5,82.0
1794,21.0,82.0
1795,21.5,82.0
1796,22.0,82.0
1797,22.5,82.0
1798,23.0,82.0
1799,23.5,82.0
1800,24.0,82.0
1801,24.5,82.0
1802,25.0,82.0
1803,25.5,82.0
1804,26.0,82.0
1805,26.5,82.0
1806,27.0,82.0
1807,27.5,82.0
1808,28.0,82.0
1809,28.5,82.0
1810,29.0,82.0
1811,29.5,82.0
1812,30.0,82.0
1813,30.5,82.0
1814,31.0,82.0
1815,31.5,82.0
1816,32.0,82.0
1817,32.5,82.0
1818,33.0,82.0
1819,33.5,82.0
1820,34.0,82.0
1821,34.5,82.0
1822,35.0,82.0
1823,35.5,82.0
1824,36.0,82.0
1825,36.5,82.0
1826,37.0,82.0
1827,6.0,82.5
1828,6.5,82.5
1829,7.0,82.5
1830,7.5,82.5
1831,8.0,82.5
1832,8.5,82.5
1833,9.0,82.5
1834,9.5,82.5
1835,10.0,82.5
1836,10.5,82.5
1837,11.0,82.5
1838,11.5,82.5
1839,12.0,82.5
1840,12.5,82.5
1841,13.0,82.5
1842,13.5,82.5
1843,14.0,82.5
1844,14.5,82.5
1845,15.0,82.5
1846,15.5,82.5
1847,16.0,82.5
1848,16.5,82.5
1849,17.0,82.5
1850,17.5,82.5
1851,18.0,82.5
1852,18.5,82.5
1853,19.0,82.5
1854,19.5,82.5
1855,20.0,82.5
1856,20.5,82.5
1857,21.0,82.5
1858,21.5,82.5
1859,22.0,82.5
1860,22.5,82.5
1861,23.0,82.5
1862,23.5,82.5
1863,24.0,82.5
1864,24.5,82.5
1865,25.0,82.5
1866,25.5,82.5
1867,26.0,82.5
1868,26.5,82.5
1869,27.0,82.5
1870,27.5,82.5
1871,28.0,82.5
1872,28.5,82.5
1873,29.0,82.5
1874,29.5,82.5
1875,30.0,82.5
1876,30.5,82.5
1877,31.0,82.5
1878,31.5,82.5
1879,32.0,82.5
1880,32.5,82.5
1881,33.0,82.5
1882,33.5,82.5
1883,34.0,82.5
1884,34.5,82.5
1885,35.0,82.5
1886,35.5,82.5
1887,36.0,82.5
1888,36.5,82.5
1889,37.0,82.5
1890,6.0,83.0
1891,6.5,83.0
1892,7.0,83.0
1893,7.5,83.0
1894,8.0,83.0
1895,8.5,83.0
1896,9.0,83.0
1897,9.5,83.0
1898,10.0,83.0
1899,10.5,83.0
1900,11.0,83.0
1901,11.5,83.0
1902,12.0,83.0
1903,12.5,83.0
1904,13.0,83.0
1905,13.5,83.0
1906,14.0,83.0
1907,14.5,83.0
1908,15.0,83.0
1909,15.5,83.0
1910,16.0,83.0
1911,16.5,83.0
1912,17.0,83.0
1913,17.5,83.0
1914,18.0,83.0
1915,18.5,83.0
1916,19.0,83.0
1917,19.5,83.0
1918,20.0,83.0
1919,20.5,83.0
1920,21.0,83.0
1921,21.5,83.0
1922,22.0,83.0
1923,22.5,83.0
1924,23.0,83.0
1925,23.5,83.0
1926,24.0,83.0
1927,24.5,83.0
1928,25.0,83.0
1929,25.5,83.0
1930,26.0,83.0
1931,26.5,83.0
1932,27.0,83.0
1933,27.5,83.0
1934,28.0,83.0
1935,28.5,83.0
1936,29.0,83.0
1937,29.5,83.0
1938,30.0,83.0
1939,30.5,83.0
1940,31.0,83.0
1941,31.5,83.0
1942,32.0,83.0
1943,32.5,83.0
1944,33.0,83.0
1945,33.5,83.0
1946,34.0,83.0
1947,34.5,83.0
1948,35.0,83.0
1949,35.5,83.0
1950,36.0,83.0
1951,36.5,83.0
1952,37.0,83.0
1953,6.0,83.5
1954,6.5,83.5
1955,7.0,83.5
1956,7.5,83.5
1957,8.0,83.5
1958,8.5,83.5
1959,9.0,83.5
1960,9.5,83.5
1961,10.0,83.5
1962,10.5,83.5
1963,11.0,83.5
1964,11.5,83.5
1965,12.0,83.5
1966,12.5,83.5
1967,13.0,83.5
1968,13.5,83.5
1969,14.0,83.5
1970,14.5,83.5
1971,15.0,83.5
1972,15.5,83.5
1973,16.0,83.5
1974,16.5,83.5
1975,17.0,83.5
1976,17.5,83.5
1977,18.0,83.5
1978,18.5,83.5
1979,19.0,83.5
1980,19.5,83.5
1981,20.0,83.5
1982,20.5,83.5
1983,21.0,83.5
1984,21.5,83.5
1985,22.0,83.5
1986,22.5,83.5
1987,23.0,83.5
1988,23.5,83.5
1989,24.0,83.5
1990,24.5,83.5
1991,25.0,83.5
1992,25.5,83.5
1993,26.0,83.5
1994,26.5,83.5
1995,27.0,83.5
1996,27.5,83.5
1997,28.0,83.5
1998,28.5,83.5
1999,29.0,83.5
2000,29.5,83.5
2001,30.0,83.5
2002,30.5,83.5
2003,31.0,83.5
2004,31.5,83.5
2005,32.0,83.5
2006,32.5,83.5
2007,33.0,83.5
2008,33.5,83.5
2009,34.0,83.5
2010,34.5,83.5
2011,35.0,83.5
2012,35.5,83.5
2013,36.0,83.5
2014,36.5,83.5
2015,37.0,83.5
2016,6.0,84.0
2017,6.5,84.0
2018,7.0,84.0
2019,7.5,84.0
2020,8.0,84.0
2021,8.5,84.0
2022,9.0,84.0
2023,9.5,84.0
2024,10.0,84.0
2025,10.5,84.0
2026,11.0,84.0
2027,11.5,84.0
2028,12.0,84.0
2029,12.5,84.0
2030,13.0,84.0
2031,13.5,84.0
2032,14.0,84.0
2033,14.5,84.0
2034,15.0,84.0
2035,15.5,84.0
2036,16.0,84.0
2037,16.5,84.0
2038,17.0,84.0
2039,17.5,84.0
2040,18.0,84.0
2041,18.5,84.0
2042,19.0,84.0
2043,19.5,84.0
2044,20.0,84.0
2045,20.5,84.0
2046,21.0,84.0
2047,21.5,84.0
2048,22.0,84.0
2049,22.5,84.0
2050,23.0,84.0
2051,23.5,84.0
2052,24.0,84.0
2053,24.5,84.0
2054,25.0,84.0
2055,25.5,84.0
2056,26.0,84.0
2057,26.5,84.0
2058,27.0,84.0
2059,27.5,84.0
2060,28.0,84.0
2061,28.5,84.0
2062,29.0,84.0
2063,29.5,84.0
2064,30.0,84.0
2065,30.5,84.0
2066,31.0,84.0
2067,31.5,84.0
2068,32.0,84.0
2069,32.5,84.0
2070,33.0,84.0
2071,33.5,84.0
2072,34.0,84.0
2073,34.5,84.0
2074,35.0,84.0
2075,35.5,84.0
2076,36.0,84.0
2077,36.5,84.0
2078,37.0,84.0
2079,6.0,84.5
2080,6.5,84.5
2081,7.0,84.5
2082,7.5,84.5
2083,8.0,84.5
2084,8.5,84.5
2085,9.0,84.5
2086,9.5,84.5
2087,10.0,84.5
2088,10.5,84.5
2089,11.0,84.5
2090,11.5,84.5
2091,12.0,84.5
2092,12.5,84.5
2093,13.0,84.5
2094,13.5,84.5
2095,14.0,84.5
2096,14.5,84.5
2097,15.0,84.5
2098,15.5,84.5
2099,16.0,84.5
2100,16.5,84.5
2101,17.0,84.5
2102,17.5,84.5
2103,18.0,84.5
2104,18.5,84.5
2105,19.0,84.5
2106,19.5,84.5
2107,20.0,84.5
2108,20.5,84.5
2109,21.0,84.5
2110,21.5,84.5
2111,22.0,84.5
2112,22.5,84.5
2113,23.0,84.5
2114,23.5,84.5
2115,24.0,84.5
2116,24.5,84.5
2117,25.0,84.5
2118,25.5,84.5
2119,26.0,84.5
2120,26.5,84.5
2121,27.0,84.5
2122,27.5,84.5
2123,28.0,84.5
2124,28.5,84.5
2125,29.0,84.5
2126,29.5,84.5
2127,30.0,84.5
2128,30.5,84.5
2129,31.0,84.5
2130,31.5,84.5
2131,32.0,84.5
2132,32.5,84.5
2133,33.0,84.5
2134,33.5,84.5
2135,34.0,84.5
2136,34.5,84.5
2137,35.0,84.5
2138,35.5,84.5
2139,36.0,84.5
2140,36.5,84.5
2141,37.0,84.5
2142,6.0,85.0
2143,6.5,85.0
2144,7.0,85.0
2145,7.5,85.0
2146,8.0,85.0
2147,8.5,85.0
2148,9.0,85.0
2149,9.5,85.0
2150,10.0,85.0
2151,10.5,85.0
2152,11.0,85.0
2153,11.5,85.0
2154,12.0,85.0
2155,12.5,85.0
2156,13.0,85.0
2157,13.5,85.0
2158,14.0,85.0
2159,14.5,85.0
2160,15.0,85.0
2161,15.5,85.0
2162,16.0,85.0
2163,16.5,85.0
2164,17.0,85.0
2165,17.5,85.0
2166,18.0,85.0
2167,18.5,85.0
2168,19.0,85.0
2169,19.5,85.0
2170,20.0,85.0
2171,20.5,85.0
2172,21.0,85.0
2173,21.5,85.0
2174,22.0,85.0
2175,22.5,85.0
2176,23.0,85.0
2177,23.5,85.0
2178,24.0,85.0
2179,24.5,85.0
2180,25.0,85.0
2181,25.5,85.0
2182,26.0,85.0
2183,26.5,85.0
2184,27.0,85.0
2185,27.5,85.0
2186,28.0,85.0
2187,28.5,85.0
2188,29.0,85.0
2189,29.5,85.0
2190,30.0,85.0
2191,30.5,85.0
2192,31.0,85.0
2193,31.5,85.0
2194,32.0,85.0
2195,32.5,85.0
2196,33.0,85.0
2197,33.5,85.0
2198,34.0,85.0
2199,34.5,85.0
2200,35.0,85.0
2201,35.5,85.0
2202,36.0,85.0
2203,36.5,85.0
2204,37.0,85.0
2205,6.0,85.5
2206,6.5,85.5
2207,7.0,85.5
2208,7.5,85.5
2209,8.0,85.5
2210,8.5,85.5
2211,9.0,85.5
2212,9.5,85.5
2213,10.0,85.5
2214,10.5,85.5
2215,11.0,85.5
2216,11.5,85.5
2217,12.0,85.5
2218,12.5,85.5
2219,13.0,85.5
2220,13.5,85.5
2221,14.0,85.5
2222,14.5,85.5
2223,15.0,85.5
2224,15.5,85.5
2225,16.0,85.5
2226,16.5,85.5
2227,17.0,85.5
2228,17.5,85.5
2229,18.0,85.5
2230,18.5,85.5
2231,19.0,85.5
2232,19.5,85.5
2233,20.0,85.5
2234,20.5,85.5
2235,21.0,85.5
2236,21.5,85.5
2237,22.0,85.5
2238,22.5,85.5
2239,23.0,85.5
2240,23.5,85.5
2241,24.0,85.5
2242,24.5,85.5
2243,25.0,85.5
2244,25.5,85.5
2245,26.0,85.5
2246,26.5,85.5
2247,27.0,85.5
2248,27.5,85.5
2249,28.0,85.5
2250,28.5,85.5
2251,29.0,85.5
2252,29.5,85.5
2253,30.0,85.5
2254,30.5,85.5
2255,31.0,85.5
2256,31.5,85.5
2257,32.0,85.5
2258,32.5,85.5
2259,33.0,85.5
2260,33.5,85.5
2261,34.0,85.5
2262,34.5,85.5
2263,35.0,85.5
2264,35.5,85.5
2265,36.0,85.5
2266,36.5,85.5
2267,37.0,85.5
2268,6.0,86.0
2269,6.5,86.0
2270,7.0,86.0
2271,7.5,86.0
2272,8.0,86.0
2273,8.5,86.0
2274,9.0,86.0
2275,9.5,86.0
2276,10.0,86.0
2277,10.5,86.0
2278,11.0,86.0
2279,11.5,86.0
2280,12.0,86.0
2281,12.5,86.0
2282,13.0,86.0
2283,13.5,86.0
2284,14.0,86.0
2285,14.5,86.0
2286,15.0,86.0
2287,15.5,86.0
2288,16.0,86.0
2289,16.5,86.0
2290,17.0,86.0
2291,17.5,86.0
2292,18.0,86.0
2293,18.5,86.0
2294,19.0,86.0
2295,19.5,86.0
2296,20.0,86.0
2297,20.5,86.0
2298,21.0,86.0
2299,21.5,86.0
2300,22.0,86.0
2301,22.5,86.0
2302,23.0,86.0
2303,23.5,86.0
2304,24.0,86.0
2305,24.5,86.0
2306,25.0,86.0
2307,25.5,86.0
2308,26.0,86.0
2309,26.5,86.0
2310,27.0,86.0
2311,27.5,86.0
2312,28.0,86.0
2313,28.5,86.0
2314,29.0,86.0
2315,29.5,86.0
2316,30.0,86.0
2317,30.5,86.0
2318,31.0,86.0
2319,31.5,86.0
2320,32.0,86.0
2321,32.5,86.0
2322,33.0,86.0
2323,33.5,86.0
2324,34.0,86.0
2325,34.5,86.0
2326,35.0,86.0
2327,35.5,86.0
2328,36.0,86.0
2329,36.5,86.0
2330,37.0,86.0
2331,6.0,86.5
2332,6.5,86.5
2333,7.0,86.5
2334,7.5,86.5
2335,8.0,86.5
2336,8.5,86.5
2337,9.0,86.5
2338,9.5,86.5
2339,10.0,86.5
2340,10.5,86.5
2341,11.0,86.5
2342,11.5,86.5
2343,12.0,86.5
2344,12.5,86.5
2345,13.0,86.5
2346,13.5,86.5
2347,14.0,86.5
2348,14.5,86.5
2349,15.0,86.5
2350,15.5,86.5
2351,16.0,86.5
2352,16.5,86.5
2353,17.0,86.5
2354,17.5,86.5
2355,18.0,86.5
2356,18.5,86.5
2357,19.0,86.5
2358,19.5,86.5
2359,20.0,86.5
2360,20.5,86.5
2361,21.0,86.5
2362,21.5,86.5
2363,22.0,86.5
2364,22.5,86.5
2365,23.0,86.5
2366,23.5,86.5
2367,24.0,86.5
2368,24.5,86.5
2369,25.0,86.5
2370,25.5,86.5
2371,26.0,86.5
2372,26.5,86.5
2373,27.0,86.5
2374,27.5,86.5
2375,28.0,86.5
2376,28.5,86.5
2377,29.0,86.5
2378,29.5,86.5
2379,30.0,86.5
2380,30.5,86.5
2381,31.0,86.5
2382,31.5,86.5
2383,32.0,86.5
2384,32.5,86.5
2385,33.0,86.5
2386,33.5,86.5
2387,34.0,86.5
2388,34.5,86.5
2389,35.0,86.5
2390,35.5,86.5
2391,36.0,86.5
2392,36.5,86.5
2393,37.0,86.5
2394,6.0,87.0
2395,6.5,87.0
2396,7.0,87.0
2397,7.5,87.0
2398,8.0,87.0
2399,8.5,87.0
2400,9.0,87.0
2401,9.5,87.0
2402,10.0,87.0
2403,10.5,87.0
2404,11.0,87.0
2405,11.5,87.0
2406,12.0,87.0
2407,12.5,87.0
2408,13.0,87.0
2409,13.5,87.0
2410,14.0,87.0
2411,14.5,87.0
2412,15.0,87.0
2413,15.5,87.0
2414,16.0,87.0
2415,16.5,87.0
2416,17.0,87.0
2417,17.5,87.0
2418,18.0,87.0
2419,18.5,87.0
2420,19.0,87.0
2421,19.5,87.0
2422,20.0,87.0
2423,20.5,87.0
2424,21.0,87.0
2425,21.5,87.0
2426,22.0,87.0
2427,22.5,87.0
2428,23.0,87.0
2429,23.5,87.0
2430,24.0,87.0
2431,24.5,87.0
2432,25.0,87.0
2433,25.5,87.0
2434,26.0,87.0
2435,26.5,87.0
2436,27.0,87.0
2437,27.5,87.0
2438,28.0,87.0
2439,28.5,87.0
2440,29.0,87.0
2441,29.5,87.0
2442,30.0,87.0
2443,30.5,87.0
2444,31.0,87.0
2445,31.5,87.0
2446,32.0,87.0
2447,32.5,87.0
2448,33.0,87.0
2449,33.5,87.0
2450,34.0,87.0
2451,34.5,87.0
2452,35.0,87.0
2453,35.5,87.0
2454,36.0,87.0
2455,36.5,87.0
2456,37.0,87.0
2457,6.0,87.5
2458,6.5,87.5
2459,7.0,87.5
2460,7.5,87.5
2461,8.0,87.5
2462,8.5,87.5
2463,9.0,87.5
2464,9.5,87.5
2465,10.0,87.5
2466,10.5,87.5
2467,11.0,87.5
2468,11.5,87.5
2469,12.0,87.5
2470,12.5,87.5
2471,13.0,87.5
2472,13.5,87.5
2473,14.0,87.5
2474,14.5,87.5
2475,15.0,87.5
2476,15.5,87.5
2477,16.0,87.5
2478,16.5,87.5
2479,17.0,87.5
2480,17.5,87.5
2481,18.0,87.5
2482,18.5,87.5
2483,19.0,87.5
2484,19.5,87.5
2485,20.0,87.5
2486,20.5,87.5
2487,21.0,87.5
2488,21.5,87.5
2489,22.0,87.5
2490,22.5,87.5
2491,23.0,87.5
2492,23.5,87.5
2493,24.0,87.5
2494,24.5,87.5
2495,25.0,87.5
2496,25.5,87.5
2497,26.0,87.5
2498,26.5,87.5
2499,27.0,87.5
2500,27.5,87.5
2501,28.0,87.5
2502,28.5,87.5
2503,29.0,87.5
2504,29.5,87.5
2505,30.0,87.5
2506,30.5,87.5
2507,31.0,87.5
2508,31.5,87.5
2509,32.0,87.5
2510,32.5,87.5
2511,33.0,87.5
2512,33.5,87.5
2513,34.0,87.5
2514,34.5,87.5
2515,35.0,87.5
2516,35.5,87.5
2517,36.0,87.5
2518,36.5,87.5
2519,37.0,87.5
2520,6.0,88.0
2521,6.5,88.0
2522,7.0,88.0
2523,7.5,88.0
2524,8.0,88.0
2525,8.5,88.0
2526,9.0,88.0
2527,9.5,88.0
2528,10.0,88.0
2529,10.5,88.0
2530,11.0,88.0
2531,11.5,88.0
2532,12.0,88.0
2533,12.5,88.0
2534,13.0,88.0
2535,13.5,88.0
2536,14.0,88.0
2537,14.5,88.0
2538,15.0,88.0
2539,15.5,88.0
2540,16.0,88.0
2541,16.5,88.0
2542,17.0,88.0
2543,17.5,88.0
2544,18.0,88.0
2545,18.5,88.0
2546,19.0,88.0
2547,19.5,88.0
2548,20.0,88.0
2549,20.5,88.0
2550,21.0,88.0
2551,21.5,88.0
2552,22.0,88.0
2553,22.5,88.0
2554,23.0,88.0
2555,23.5,88.0
2556,24.0,88.0
2557,24.5,88.0
2558,25.0,88.0
2559,25.5,88.0
2560,26.0,88.0
2561,26.5,88.0
2562,27.0,88.0
2563,27.5,88.0
2564,28.0,88.0
2565,28.5,88.0
2566,29.0,88.0
2567,29.5,88.0
2568,30.0,88.0
2569,30.5,88.0
2570,31.0,88.0
2571,31.5,88.0
2572,32.0,88.0
2573,32.5,88.0
2574,33.0,88.0
2575,33.5,88.0
2576,34.0,88.0
2577,34.5,88.0
2578,35.0,88.0
2579,35.5,88.0
2580,36.0,88.0
2581,36.5,88.0
2582,37.0,88.0
2583,6.0,88.5
2584,6.5,88.5
2585,7.0,88.5
2586,7.5,88.5
2587,8.0,88.5
2588,8.5,88.5
2589,9.0,88.5
2590,9.5,88.5
2591,10.0,88.5
2592,10.5,88.5
2593,11.0,88.5
2594,11.5,88.5
2595,12.0,88.5
2596,12.5,88.5
2597,13.0,88.5
2598,13.5,88.5
2599,14.0,88.5
2600,14.5,88.5
2601,15.0,88.5
2602,15.5,88.5
2603,16.0,88.5
2604,16.5,88.5
2605,17.0,88.5
2606,17.5,88.5
2607,18.0,88.5
2608,18.5,88.5
2609,19.0,88.5
2610,19.5,88.5
2611,20.0,88.5
2612,20.5,88.5
2613,21.0,88.5
2614,21.5,88.5
2615,22.0,88.5
2616,22.5,88.5
2617,23.0,88.5
2618,23.5,88.5
2619,24.0,88.5
2620,24.5,88.5
2621,25.0,88.5
2622,25.5,88.5
2623,26.0,88.5
2624,26.5,88.5
2625,27.0,88.5
2626,27.5,88.5
2627,28.0,88.5
2628,28.5,88.5
2629,29.0,88.5
2630,29.5,88.5
2631,30.0,88.5
2632,30.5,88.5
2633,31.0,88.5
2634,31.5,88.5
2635,32.0,88.5
2636,32.5,88.5
2637,33.0,88.5
2638,33.5,88.5
2639,34.0,88.5
2640,34.5,88.5
2641,35.0,88.5
2642,35.5,88.5
2643,36.0,88.5
2644,36.5,88.5
2645,37.0,88.5
2646,6.0,89.0
2647,6.5,89.0
2648,7.0,89.0
2649,7.5,89.0
2650,8.0,89.0
2651,8.5,89.0
2652,9.0,89.0
2653,9.5,89.0
2654,10.0,89.0
2655,10.5,89.0
2656,11.0,89.0
2657,11.5,89.0
2658,12.0,89.0
2659,12.5,89.0
2660,13.0,89.0
2661,13.5,89.0
2662,14.0,89.0
2663,14.5,89.0
2664,15.0,89.0
2665,15.5,89.0
2666,16.0,89.0
2667,16.5,89.0
2668,17.0,89.0
2669,17.5,89.0
2670,18.0,89.0
2671,18.5,89.0
2672,19.0,89.0
2673,19.5,89.0
2674,20.0,89.0
2675,20.5,89.0
2676,21.0,89.0
2677,21.5,89.0
2678,22.0,89.0
2679,22.5,89.0
2680,23.0,89.0
2681,23.5,89.0
2682,24.0,89.0
2683,24.5,89.0
2684,25.0,89.0
2685,25.5,89.0
2686,26.0,89.0
2687,26.5,89.0
2688,27.0,89.0
2689,27.5,89.0
2690,28.0,89.0
2691,28.5,89.0
2692,29.0,89.0
2693,29.5,89.0
2694,30.0,89.0
2695,30.5,89.0
2696,31.0,89.0
2697,31.5,89.0
2698,32.0,89.0
2699,32.5,89.0
2700,33.0,89.0
2701,33.5,89.0
2702,34.0,89.0
2703,34.5,89.0
2704,35.0,89.0
2705,35.5,89.0
2706,36.0,89.0
2707,36.5,89.0
2708,37.0,89.0
2709,6.0,89.5
2710,6.5,89.5
2711,7.0,89.5
2712,7.5,89.5
2713,8.0,89.5
2714,8.5,89.5
2715,9.0,89.5
2716,9.5,89.5
2717,10.0,89.5
2718,10.5,89.5
2719,11.0,89.5
2720,11.5,89.5
2721,12.0,89.5
2722,12.5,89.5
2723,13.0,89.5
2724,13.5,89.5
2725,14.0,89.5
2726,14.5,89.5
2727,15.0,89.5
2728,15.5,89.5
2729,16.0,89.5
2730,16.5,89.5
2731,17.0,89.5
2732,17.5,89.5
2733,18.0,89.5
2734,18.5,89.5
2735,19.0,89.5
2736,19.5,89.5
2737,20.0,89.5
2738,20.5,89.5
2739,21.0,89.5
2740,21.5,89.5
2741,22.0,89.5
2742,22.5,89.5
2743,23.0,89.5
2744,23.5,89.5
2745,24.0,89.5
2746,24.5,89.5
2747,25.0,89.5
2748,25.5,89.5
2749,26.0,89.5
2750,26.5,89.5
2751,27.0,89.5
2752,27.5,89.5
2753,28.0,89.5
2754,28.5,89.5
2755,29.0,89.5
2756,29.5,89.5
2757,30.0,89.5
2758,30.5,89.5
2759,31.0,89.5
2760,31.5,89.5
2761,32.0,89.5
2762,32.5,89.5
2763,33.0,89.5
2764,33.5,89.5
2765,34.0,89.5
2766,34.5,89.5
2767,35.0,89.5
2768,35.5,89.5
2769,36.0,89.5
2770,36.5,89.5
2771,37.0,89.5
2772,6.0,90.0
2773,6.5,90.0
2774,7.0,90.0
2775,7.5,90.0
2776,8.0,90.0
2777,8.5,90.0
2778,9.0,90.0
2779,9.5,90.0
2780,10.0,90.0
2781,10.5,90.0
2782,11.0,90.0
2783,11.5,90.0
2784,12.0,90.0
2785,12.5,90.0
2786,13.0,90.0
2787,13.5,90.0
2788,14.0,90.0
2789,14.5,90.0
2790,15.0,90.0
2791,15.5,90.0
2792,16.0,90.0
2793,16.5,90.0
2794,17.0,90.0
2795,17.5,90.0
2796,18.0,90.0
2797,18.5,90.0
2798,19.0,90.0
2799,19.5,90.0
2800,20.0,90.0
2801,20.5,90.0
2802,21.0,90.0
2803,21.5,90.0
2804,22.0,90.0
2805,22.5,90.0
2806,23.0,90.0
2807,23.5,90.0
2808,24.0,90.0
2809,24.5,90.0
2810,25.0,90.0
2811,25.5,90.0
2812,26.0,90.0
2813,26.5,90.0
2814,27.0,90.0
2815,27.5,90.0
2816,28.0,90.0
2817,28.5,90.0
2818,29.0,90.0
2819,29.5,90.0
2820,30.0,90.0
2821,30.5,90.0
2822,31.0,90.0
2823,31.5,90.0
2824,32.0,90.0
2825,32.5,90.0
2826,33.0,90.0
2827,33.5,90.0
2828,34.0,90.0
2829,34.5,90.0
2830,35.0,90.0
2831,35.5,90.0
2832,36.0,90.0
2833,36.5,90.0
2834,37.0,90.0
2835,6.0,90.5
2836,6.5,90.5
2837,7.0,90.5
2838,7.5,90.5
2839,8.0,90.5
2840,8.5,90.5
2841,9.0,90.5
2842,9.5,90.5
2843,10.0,90.5
2844,10.5,90.5
2845,11.0,90.5
2846,11.5,90.5
2847,12.0,90.5
2848,12.5,90.5
2849,13.0,90.5
2850,13.5,90.5
2851,14.0,90.5
2852,14.5,90.5
2853,15.0,90.5
2854,15.5,90.5
2855,16.0,90.5
2856,16.5,90.5
2857,17.0,90.5
2858,17.5,90.5
2859,18.0,90.5
2860,18.5,90.5
2861,19.0,90.5
2862,19.5,90.5
2863,20.0,90.5
2864,20.5,90.5
2865,21.0,90.5
2866,21.5,90.5
2867,22.0,90.5
2868,22.5,90.5
2869,23.0,90.5
2870,23.5,90.5
2871,24.0,90.5
2872,24.5,90.5
2873,25.0,90.5
2874,25.5,90.5
2875,26.0,90.5
2876,26.5,90.5
2877,27.0,90.5
2878,27.5,90.5
2879,28.0,90.5
2880,28.5,90.5
2881,29.0,90.5
2882,29.5,90.5
2883,30.0,90.5
2884,30.5,90.5
2885,31.0,90.5
2886,31.5,90.5
2887,32.0,90.5
2888,32.5,90.5
2889,33.0,90.5
2890,33.5,90.5
2891,34.0,90.5
2892,34.5,90.5
2893,35.0,90.5
2894,35.5,90.5
2895,36.0,90.5
2896,36.5,90.5
2897,37.0,90.5
2898,6.0,91.0
2899,6.5,91.0
2900,7.0,91.0
2901,7.5,91.0
2902,8.0,91.0
2903,8.5,91.0
2904,9.0,91.0
2905,9.5,91.0
2906,10.0,91.0
2907,10.5,91.0
2908,11.0,91.0
2909,11.5,91.0
2910,12.0,91.0
2911,12.5,91.0
2912,13.0,91.0
2913,13.5,91.0
2914,14.0,91.0
2915,14.5,91.0
2916,15.0,91.0
2917,15.5,91.0
2918,16.0,91.0
2919,16.5,91.0
2920,17.0,91.0
2921,17.5,91.0
2922,18.0,91.0
2923,18.5,91.0
2924,19.0,91.0
2925,19.5,91.0
2926,20.0,91.0
2927,20.5,91.0
2928,21.0,91.0
2929,21.5,91.0
2930,22.0,91.0
2931,22.5,91.0
2932,23.0,91.0
2933,23.5,91.0
2934,24.0,91.0
2935,24.5,91.0
2936,25.0,91.0
2937,25.5,91.0
2938,26.0,91.0
2939,26.5,91.0
2940,27.0,91.0
2941,27.5,91.0
2942,28.0,91.0
2943,28.5,91.0
2944,29.0,91.0
2945,29.5,91.0
2946,30.0,91.0
2947,30.5,91.0
2948,31.0,91.0
2949,31.5,91.0
2950,32.0,91.0
2951,32.5,91.0
2952,33.0,91.0
2953,33.5,91.0
2954,34.0,91.0
2955,34.5,91.0
2956,35.0,91.0
2957,35.5,91.0
2958,36.0,91.0
2959,36.5,91.0
2960,37.0,91.0
2961,6.0,91.5
2962,6.5,91.5
2963,7.0,91.5
2964,7.5,91.5
2965,8.0,91.5
2966,8.5,91.5
2967,9.0,91.5
2968,9.5,91.5
2969,10.0,91.5
2970,10.5,91.5
2971,11.0,91.5
2972,11.5,91.5
2973,12.0,91.5
2974,12.5,91.5
2975,13.0,91.5
2976,13.5,91.5
2977,14.0,91.5
2978,14.5,91.5
2979,15.0,91.5
2980,15.5,91.5
2981,16.0,91.5
2982,16.5,91.5
2983,17.0,91.5
2984,17.5,91.5
2985,18.0,91.5
2986,18.5,91.5
2987,19.0,91.5
2988,19.5,91.5
2989,20.0,91.5
2990,20.5,91.5
2991,21.0,91.5
2992,21.5,91.5
2993,22.0,91.5
2994,22.5,91.5
2995,23.0,91.5
2996,23.5,91.5
2997,24.0,91.5
2998,24.5,91.5
2999,25.0,91.5
3000,25.5,91.5
3001,26.0,91.5
3002,26.5,91.5
3003,27.0,91.5
3004,27.5,91.5
3005,28.0,91.5
3006,28.5,91.5
3007,29.0,91.5
3008,29.5,91.5
3009,30.0,91.5
3010,30.5,91.5
3011,31.0,91.5
3012,31.5,91.5
3013,32.0,91.5
3014,32.5,91.5
3015,33.0,91.5
3016,33.5,91.5
3017,34.0,91.5
3018,34.5,91.5
3019,35.0,91.5
3020,35.5,91.5
3021,36.0,91.5
3022,36.5,91.5
3023,37.0,91.5
3024,6.0,92.0
3025,6.5,92.0
3026,7.0,92.0
3027,7.5,92.0
3028,8.0,92.0
3029,8.5,92.0
3030,9.0,92.0
3031,9.5,92.0
3032,10.0,92.0
3033,10.5,92.0
3034,11.0,92.0
3035,11.5,92.0
3036,12.0,92.0
3037,12.5,92.0
3038,13.0,92.0
3039,13.5,92.0
3040,14.0,92.0
3041,14.5,92.0
3042,15.0,92.0
3043,15.5,92.0
3044,16.0,92.0
3045,16.5,92.0
3046,17.0,92.0
3047,17.5,92.0
3048,18.0,92.0
3049,18.5,92.0
3050,19.0,92.0
3051,19.5,92.0
3052,20.0,92.0
3053,20.5,92.0
3054,21.0,92.0
3055,21.5,92.0
3056,22.0,92.0
3057,22.5,92.0
3058,23.0,92.0
3059,23.5,92.0
3060,24.0,92.0
3061,24.5,92.0
3062,25.0,92.0
3063,25.5,92.0
3064,26.0,92.0
3065,26.5,92.0
3066,27.0,92.0
3067,27.5,92.0
3068,28.0,92.0
3069,28.5,92.0
3070,29.0,92.0
3071,29.5,92.0
3072,30.0,92.0
3073,30.5,92.0
3074,31.0,92.0
3075,31.5,92.0
3076,32.0,92.0
3077,32.5,92.0
3078,33.0,92.0
3079,33.5,92.0
3080,34.0,92.0
3081,34.5,92.0
3082,35.0,92.0
3083,35.5,92.0
3084,36.0,92.0
3085,36.5,92.0
3086,37.0,92.0
3087,6.0,92.5
3088,6.5,92.5
3089,7.0,92.5
3090,7.5,92.5
3091,8.0,92.5
3092,8.5,92.5
3093,9.0,92.5
3094,9.5,92.5
3095,10.0,92.5
3096,10.5,92.5
3097,11.0,92.5
3098,11.5,92.5
3099,12.0,92.5
3100,12.5,92.5
3101,13.0,92.5
3102,13.5,92.5
3103,14.0,92.5
3104,14.5,92.5
3105,15.0,92.5
3106,15.5,92.5
3107,16.0,92.5
3108,16.5,92.5
3109,17.0,92.5
3110,17.5,92.5
3111,18.0,92.5
3112,18.5,92.5
3113,19.0,92.5
3114,19.5,92.5
3115,20.0,92.5
3116,20.5,92.5
3117,21.0,92.5
3118,21.5,92.5
3119,22.0,92.5
3120,22.5,92.5
3121,23.0,92.5
3122,23.5,92.5
3123,24.0,92.5
3124,24.5,92.5
3125,25.0,92.5
3126,25.5,92.5
3127,26.0,92.5
3128,26.5,92.5
3129,27.0,92.5
3130,27.5,92.5
3131,28.0,92.5
3132,28.5,92.5
3133,29.0,92.5
3134,29.5,92.5
3135,30.0,92.5
3136,30.5,92.5
3137,31.0,92.5
3138,31.5,92.5
3139,32.0,92.5
3140,32.5,92.5
3141,33.0,92.5
3142,33.5,92.5
3143,34.0,92.5
3144,34.5,92.5
3145,35.0,92.5
3146,35.5,92.5
3147,36.0,92.5
3148,36.5,92.5
3149,37.0,92.5
3150,6.0,93.0
3151,6.5,93.0
3152,7.0,93.0
3153,7.5,93.0
3154,8.0,93.0
3155,8.5,93.0
3156,9.0,93.0
3157,9.5,93.0
3158,10.0,93.0
3159,10.5,93.0
3160,11.0,93.0
3161,11.5,93.0
3162,12.0,93.0
3163,12.5,93.0
3164,13.0,93.0
3165,13.5,93.0
3166,14.0,93.0
3167,14.5,93.0
3168,15.0,93.0
3169,15.5,93.0
3170,16.0,93.0
3171,16.5,93.0
3172,17.0,93.0
3173,17.5,93.0
3174,18.0,93.0
3175,18.5,93.0
3176,19.0,93.0
3177,19.5,93.0
3178,20.0,93.0
3179,20.5,93.0
3180,21.0,93.0
3181,21.5,93.0
3182,22.0,93.0
3183,22.5,93.0
3184,23.0,93.0
3185,23.5,93.0
3186,24.0,93.0
3187,24.5,93.0
3188,25.0,93.0
3189,25.5,93.0
3190,26.0,93.0
3191,26.5,93.0
3192,27.0,93.0
3193,27.5,93.0
3194,28.0,93.0
3195,28.5,93.0
3196,29.0,93.0
3197,29.5,93.0
3198,30.0,93.0
3199,30.5,93.0
3200,31.0,93.0
3201,31.5,93.0
3202,32.0,93.0
3203,32.5,93.0
3204,33.0,93.0
3205,33.5,93.0
3206,34.0,93.0
3207,34.5,93.0
3208,35.0,93.0
3209,35.5,93.0
3210,36.0,93.0
3211,36.5,93.0
3212,37.0,93.0
3213,6.0,93.5
3214,6.5,93.5
3215,7.0,93.5
3216,7.5,93.5
3217,8.0,93.5
3218,8.5,93.5
3219,9.0,93.5
3220,9.5,93.5
3221,10.0,93.5
3222,10.5,93.5
3223,11.0,93.5
3224,11.5,93.5
3225,12.0,93.5
3226,12.5,93.5
3227,13.0,93.5
3228,13.5,93.5
3229,14.0,93.5
3230,14.5,93.5
3231,15.0,93.5
3232,15.5,93.5
3233,16.0,93.5
3234,16.5,93.5
3235,17.0,93.5
3236,17.5,93.5
3237,18.0,93.5
3238,18.5,93.5
3239,19.0,93.5
3240,19.5,93.5
3241,20.0,93.5
3242,20.5,93.5
3243,21.0,93.5
3244,21.5,93.5
3245,22.0,93.5
3246,22.5,93.5
3247,23.0,93.5
3248,23.5,93.5
3249,24.0,93.5
3250,24.5,93.5
3251,25.0,93.5
3252,25.5,93.5
3253,26.0,93.5
3254,26.5,93.5
3255,27.0,93.5
3256,27.5,93.5
3257,28.0,93.5
3258,28.5,93.5
3259,29.0,93.5
3260,29.5,93.5
3261,30.0,93.5
3262,30.5,93.5
3263,31.0,93.5
3264,31.5,93.5
3265,32.0,93.5
3266,32.5,93.5
3267,33.0,93.5
3268,33.5,93.5
3269,34.0,93.5
3270,34.5,93.5
3271,35.0,93.5
3272,35.5,93.5
3273,36.0,93.5
3274,36.5,93.5
3275,37.0,93.5
3276,6.0,94.0
3277,6.5,94.0
3278,7.0,94.0
3279,7.5,94.0
3280,8.0,94.0
3281,8.5,94.0
3282,9.0,94.0
3283,9.5,94.0
3284,10.0,94.0
3285,10.5,94.0
3286,11.0,94.0
3287,11.5,94.0
3288,12.0,94.0
3289,12.5,94.0
3290,13.0,94.0
3291,13.5,94.0
3292,14.0,94.0
3293,14.5,94.0
3294,15.0,94.0
3295,15.5,94.0
3296,16.0,94.0
3297,16.5,94.0
3298,17.0,94.0
3299,17.5,94.0
3300,18.0,94.0
3301,18.5,94.0
3302,19.0,94.0
3303,19.5,94.0
3304,20.0,94.0
3305,20.5,94.0
3306,21.0,94.0
3307,21.5,94.0
3308,22.0,94.0
3309,22.5,94.0
3310,23.0,94.0
3311,23.5,94.0
3312,24.0,94.0
3313,24.5,94.0
3314,25.0,94.0
3315,25.5,94.0
3316,26.0,94.0
3317,26.5,94.0
3318,27.0,94.0
3319,27.5,94.0
3320,28.0,94.0
3321,28.5,94.0
3322,29.0,94.0
3323,29.5,94.0
3324,30.0,94.0
3325,30.5,94.0
3326,31.0,94.0
3327,31.5,94.0
3328,32.0,94.0
3329,32.5,94.0
3330,33.0,94.0
3331,33.5,94.0
3332,34.0,94.0
3333,34.5,94.0
3334,35.0,94.0
3335,35.5,94.0
3336,36.0,94.0
3337,36.5,94.0
3338,37.0,94.0
3339,6.0,94.5
3340,6.5,94.5
3341,7.0,94.5
3342,7.5,94.5
3343,8.0,94.5
3344,8.5,94.5
3345,9.0,94.5
3346,9.5,94.5
3347,10.0,94.5
3348,10.5,94.5
3349,11.0,94.5
3350,11.5,94.5
3351,12.0,94.5
3352,12.5,94.5
3353,13.0,94.5
3354,13.5,94.5
3355,14.0,94.5
3356,14.5,94.5
3357,15.0,94.5
3358,15.5,94.5
3359,16.0,94.5
3360,16.5,94.5
3361,17.0,94.5
3362,17.5,94.5
3363,18.0,94.5
3364,18.5,94.5
3365,19.0,94.5
3366,19.5,94.5
3367,20.0,94.5
3368,20.5,94.5
3369,21.0,94.5
3370,21.5,94.5
3371,22.0,94.5
3372,22.5,94.5
3373,23.0,94.5
3374,23.5,94.5
3375,24.0,94.5
3376,24.5,94.5
3377,25.0,94.5
3378,25.5,94.5
3379,26.0,94.5
3380,26.5,94.5
3381,27.0,94.5
3382,27.5,94.5
3383,28.0,94.5
3384,28.5,94.5
3385,29.0,94.5
3386,29.5,94.5
3387,30.0,94.5
3388,30.5,94.5
3389,31.0,94.5
3390,31.5,94.5
3391,32.0,94.5
3392,32.5,94.5
3393,33.0,94.5
3394,33.5,94.5
3395,34.0,94.5
3396,34.5,94.5
3397,35.0,94.5
3398,35.5,94.5
3399,36.0,94.5
3400,36.5,94.5
3401,37.0,94.5
3402,6.0,95.0
3403,6.5,95.0
3404,7.0,95.0
3405,7.5,95.0
3406,8.0,95.0
3407,8.5,95.0
3408,9.0,95.0
3409,9.5,95.0
3410,10.0,95.0
3411,10.5,95.0
3412,11.0,95.0
3413,11.5,95.0
3414,12.0,95.0
3415,12.5,95.0
3416,13.0,95.0
3417,13.5,95.0
3418,14.0,95.0
3419,14.5,95.0
3420,15.0,95.0
3421,15.5,95.0
3422,16.0,95.0
3423,16.5,95.0
3424,17.0,95.0
3425,17.5,95.0
3426,18.0,95.0
3427,18.5,95.0
3428,19.0,95.0
3429,19.5,95.0
3430,20.0,95.0
3431,20.5,95.0
3432,21.0,95.0
3433,21.5,95.0
3434,22.0,95.0
3435,22.5,95.0
3436,23.0,95.0
3437,23.5,95.0
3438,24.0,95.0
3439,24.5,95.0
3440,25.0,95.0
3441,25.5,95.0
3442,26.0,95.0
3443,26.5,95.0
3444,27.0,95.0
3445,27.5,95.0
3446,28.0,95.0
3447,28.5,95.0
3448,29.0,95.0
3449,29.5,95.0
3450,30.0,95.0
3451,30.5,95.0
3452,31.0,95.0
3453,31.5,95.0
3454,32.0,95.0
3455,32.5,95.0
3456,33.0,95.0
3457,33.5,95.0
3458,34.0,95.0
3459,34.5,95.0
3460,35.0,95.0
3461,35.5,95.0
3462,36.0,95.0
3463,36.5,95.0
3464,37.0,95.0
3465,6.0,95.5
3466,6.5,95.5
3467,7.0,95.5
3468,7.5,95.5
3469,8.0,95.5
3470,8.5,95.5
3471,9.0,95.5
3472,9.5,95.5
3473,10.0,95.5
3474,10.5,95.5
3475,11.0,95.5
3476,11.5,95.5
3477,12.0,95.5
3478,12.5,95.5
3479,13.0,95.5
3480,13.5,95.5
3481,14.0,95.5
3482,14.5,95.5
3483,15.0,95.5
3484,15.5,95.5
3485,16.0,95.5
3486,16.5,95.5
3487,17.0,95.5
3488,17.5,95.5
3489,18.0,95.5
3490,18.5,95.5
3491,19.0,95.5
3492,19.5,95.5
3493,20.0,95.5
3494,20.5,95.5
3495,21.0,95.5
3496,21.5,95.5
3497,22.0,95.5
3498,22.5,95.5
3499,23.0,95.5
3500,23.5,95.5
3501,24.0,95.5
3502,24.5,95.5
3503,25.0,95.5
3504,25.5,95.5
3505,26.0,95.5
3506,26.5,95.5
3507,27.0,95.5
3508,27.5,95.5
3509,28.0,95.5
3510,28.5,95.5
3511,29.0,95.5
3512,29.5,95.5
3513,30.0,95.5
3514,30.5,95.5
3515,31.0,95.5
3516,31.5,95.5
3517,32.0,95.5
3518,32.5,95.5
3519,33.0,95.5
3520,33.5,95.5
3521,34.0,95.5
3522,34.5,95.5
3523,35.0,95.5
3524,35.5,95.5
3525,36.0,95.5
3526,36.5,95.5
3527,37.0,95.5
3528,6.0,96.0
3529,6.5,96.0
3530,7.0,96.0
3531,7.5,96.0
3532,8.0,96.0
3533,8.5,96.0
3534,9.0,96.0
3535,9.5,96.0
3536,10.0,96.0
3537,10.5,96.0
3538,11.0,96.0
3539,11.5,96.0
3540,12.0,96.0
3541,12.5,96.0
3542,13.0,96.0
3543,13.5,96.0
3544,14.0,96.0
3545,14.5,96.0
3546,15.0,96.0
3547,15.5,96.0
3548,16.0,96.0
3549,16.5,96.0
3550,17.0,96.0
3551,17.5,96.0
3552,18.0,96.0
3553,18.5,96.0
3554,19.0,96.0
3555,19.5,96.0
3556,20.0,96.0
3557,20.5,96.0
3558,21.0,96.0
3559,21.5,96.0
3560,22.0,96.0
3561,22.5,96.0
3562,23.0,96.0
3563,23.5,96.0
3564,24.0,96.0
3565,24.5,96.0
3566,25.0,96.0
3567,25.5,96.0
3568,26.0,96.0
3569,26.5,96.0
3570,27.0,96.0
3571,27.5,96.0
3572,28.0,96.0
3573,28.5,96.0
3574,29.0,96.0
3575,29.5,96.0
3576,30.0,96.0
3577,30.5,96.0
3578,31.0,96.0
3579,31.5,96.0
3580,32.0,96.0
3581,32.5,96.0
3582,33.0,96.0
3583,33.5,96.0
3584,34.0,96.0
3585,34.5,96.0
3586,35.0,96.0
3587,35.5,96.0
3588,36.0,96.0
3589,36.5,96.0
3590,37.0,96.0
3591,6.0,96.5
3592,6.5,96.5
3593,7.0,96.5
3594,7.5,96.5
3595,8.0,96.5
3596,8.5,96.5
3597,9.0,96.5
3598,9.5,96.5
3599,10.0,96.5
3600,10.5,96.5
3601,11.0,96.5
3602,11.5,96.5
3603,12.0,96.5
3604,12.5,96.5
3605,13.0,96.5
3606,13.5,96.5
3607,14.0,96.5
3608,14.5,96.5
3609,15.0,96.5
3610,15.5,96.5
3611,16.0,96.5
3612,16.5,96.5
3613,17.0,96.5
3614,17.5,96.5
3615,18.0,96.5
3616,18.5,96.5
3617,19.0,96.5
3618,19.5,96.5
3619,20.0,96.5
3620,20.5,96.5
3621,21.0,96.5
3622,21.5,96.5
3623,22.0,96.5
3624,22.5,96.5
3625,23.0,96.5
3626,23.5,96.5
3627,24.0,96.5
3628,24.5,96.5
3629,25.0,96.5
3630,25.5,96.5
3631,26.0,96.5
3632,26.5,96.5
3633,27.0,96.5
3634,27.5,96.5
3635,28.0,96.5
3636,28.5,96.5
3637,29.0,96.5
3638,29.5,96.5
3639,30.0,96.5
3640,30.5,96.5
3641,31.0,96.5
3642,31.5,96.5
3643,32.0,96.5
3644,32.5,96.5
3645,33.0,96.5
3646,33.5,96.5
3647,34.0,96.5
3648,34.5,96.5
3649,35.0,96.5
3650,35.5,96.5
3651,36.0,96.5
3652,36.5,96.5
3653,37.0,96.5
3654,6.0,97.0
3655,6.5,97.0
3656,7.0,97.0
3657,7.5,97.0
3658,8.0,97.0
3659,8.5,97.0
3660,9.0,97.0
3661,9.5,97.0
3662,10.0,97.0
3663,10.5,97.0
3664,11.0,97.0
3665,11.5,97.0
3666,12.0,97.0
3667,12.5,97.0
3668,13.0,97.0
3669,13.5,97.0
3670,14.0,97.0
3671,14.5,97.0
3672,15.0,97.0
3673,15.5,97.0
3674,16.0,97.0
3675,16.5,97.0
3676,17.0,97.0
3677,17.5,97.0
3678,18.0,97.0
3679,18.5,97.0
3680,19.0,97.0
3681,19.5,97.0
3682,20.0,97.0
3683,20.5,97.0
3684,21.0,97.0
3685,21.5,97.0
3686,22.0,97.0
3687,22.5,97.0
3688,23.0,97.0
3689,23.5,97.0
3690,24.0,97.0
3691,24.5,97.0
3692,25.0,97.0
3693,25.5,97.0
3694,26.0,97.0
3695,26.5,97.0
3696,27.0,97.0
3697,27.5,97.0
3698,28.0,97.0
3699,28.5,97.0
3700,29.0,97.0
3701,29.5,97.0
3702,30.0,97.0
3703,30.5,97.0
3704,31.0,97.0
3705,31.5,97.0
3706,32.0,97.0
3707,32.5,97.0
3708,33.0,97.0
3709,33.5,97.0
3710,34.0,97.0
3711,34.5,97.0
3712,35.0,97.0
3713,35.5,97.0
3714,36.0,97.0
3715,36.5,97.0
3716,37.0,97.0
